patologia_origen,cie_origen,patologia_diferencial,cie_diferencial,hoja_fuente,motivo,sistema_diferencial
Faringitis Estreptocócica,J02.0,Croup (Laringotraqueítis),J05.0,Faringitis Estreptocócica J02.0,,
Faringitis Aguda,J02.8 / J02.9,Epiglotitis,J05.1,Faringitis Aguda J02.8,,
Faringitis Aguda,J02.8 / J02.9,Absceso Periamigdalino,J36,Faringitis Aguda J02.8,,
Faringitis Aguda,J02.8 / J02.9,Absceso Retrofaríngeo,L02.11,Faringitis Aguda J02.8,,
Faringitis Aguda,J02.8 / J02.9,Traqueítis Bacteriana,J04.1,Faringitis Aguda J02.8,,
Faringitis Aguda,J02.8 / J02.9,Mononucleosis Infecciosa,B27.0,Faringitis Aguda J02.8,,
Faringitis Aguda,J02.8 / J02.9,Síndrome de Lemierre,G08,Faringitis Aguda J02.8,,
Faringitis Aguda,J02.8 / J02.9,ERGE (Reflujo Gastroesofágico),K21.9,Faringitis Aguda J02.8,,
Faringitis Aguda,J02.8 / J02.9,Rinitis Alérgica / Sinusitis,J30.9 / J32.9,Faringitis Aguda J02.8,,
Faringitis Aguda,J02.8 / J02.10,Sinusitis (Rinosinusitis),J01.9,Faringitis Aguda J02.8,,
Amigdalitis Estreptocócica,J03.0,Enfermedad de Kawasaki,M30.3,Amigdalitis Estreptocócica J03.,,
Amigdalitis Aguda,J03.8 / J03.9,Síndrome de Stevens-Johnson,L51.1,Amigdalitis Aguda J03.8 J03.9,,
Amigdalitis Aguda,J03.8 / J03.9,Estomatitis Aftosa,K12.0,Amigdalitis Aguda J03.8 J03.9,,
Amigdalitis Aguda,J03.8 / J03.9,Angioedema,T78.3,Amigdalitis Aguda J03.8 J03.9,,
Amigdalitis Aguda,J03.8 / J03.9,Otitis Media (Dolor referido),H66.9,Amigdalitis Aguda J03.8 J03.9,,
Croup (Laringotraqueítis),J05.0,Epiglotitis,J05.1,Croup (Laringotraqueítis),,
Croup (Laringotraqueítis),J05.0,Traqueítis Bacteriana,J04.1,Croup (Laringotraqueítis),,
Croup (Laringotraqueítis),J05.0,Absceso Periamigdalino,J36,Croup (Laringotraqueítis),,
Croup (Laringotraqueítis),J05.0,Absceso Retrofaríngeo,J39.0,Croup (Laringotraqueítis),,
Croup (Laringotraqueítis),J05.0,Aspiración de Cuerpo Extraño,T17.9,Croup (Laringotraqueítis),,
Croup (Laringotraqueítis),J05.0,Angioedema,T78.3,Croup (Laringotraqueítis),,
Croup (Laringotraqueítis),J05.0,Laringomalacia,Q31.5,Croup (Laringotraqueítis),,
Croup (Laringotraqueítis),J05.0,Estenosis Subglótica,J38.6,Croup (Laringotraqueítis),,
Croup (Laringotraqueítis),J05.0,Hemangioma Subglótico,D18.0,Croup (Laringotraqueítis),,
Croup (Laringotraqueítis),J05.0,Difteria Laríngea,A36.2,Croup (Laringotraqueítis),,
Epiglotitis Aguda,J05.1,Crup (Laringotraqueítis),J05.0,Epiglotitis Aguda J05.1,,
Epiglotitis Aguda,J05.1,Angioedema,T78.3,Epiglotitis Aguda J05.1,,
Epiglotitis Aguda,J05.1,Absceso Retrofaríngeo,J39.0,Epiglotitis Aguda J05.1,,
Epiglotitis Aguda,J05.1,Absceso Periamigdalino,J36,Epiglotitis Aguda J05.1,,
Epiglotitis Aguda,J05.1,Traqueítis Bacteriana,J04.1,Epiglotitis Aguda J05.1,,
Epiglotitis Aguda,J05.1,Cuerpo Extraño en Vía Aérea,T17.9,Epiglotitis Aguda J05.1,,
Epiglotitis Aguda,J05.1,Difteria (Laríngea),A36.2,Epiglotitis Aguda J05.1,,
Epiglotitis Aguda,J05.1,Amigdalitis Lingual,J03.9,Epiglotitis Aguda J05.1,,
Absceso Periamigdalino,J36,Celulitis Periamigdalina,L03.2,Absceso Periamigdalino J36,,
Absceso Periamigdalino,J36,Mononucleosis Infecciosa,B27.0,Absceso Periamigdalino J36,,
Absceso Periamigdalino,J36,Absceso Retrofaríngeo,J39.0,Absceso Periamigdalino J36,,
Absceso Periamigdalino,J36,Epiglotitis,J05.1,Absceso Periamigdalino J36,,
Absceso Periamigdalino,J36,Angina de Ludwig,K12.2,Absceso Periamigdalino J36,,
Absceso Periamigdalino,J36,Absceso Dental (Retromolar),K04.7,Absceso Periamigdalino J36,,
Absceso Periamigdalino,J36,Linfoma (No Hodgkin),C85.9,Absceso Periamigdalino J36,,
Absceso Periamigdalino,J36,Difteria,A36.0,Absceso Periamigdalino J36,,
Absceso Periamigdalino,J36,Cuerpo Extraño (Faringe),T17.2,Absceso Periamigdalino J36,,
Absceso Retrofaríngeo,J39.0,Absceso Periamigdalino (Quinsy),J36,Absceso Retrofaríngeo J39.0,,
Absceso Retrofaríngeo,J39.0,Epiglotitis,J05.1,Absceso Retrofaríngeo J39.0,,
Absceso Retrofaríngeo,J39.0,Angina de Ludwig,K12.2,Absceso Retrofaríngeo J39.0,,
Absceso Retrofaríngeo,J39.0,Síndrome de Lemierre,I80.8,Absceso Retrofaríngeo J39.0,,
Absceso Retrofaríngeo,J39.0,Meningitis Bacteriana,G00.9,Absceso Retrofaríngeo J39.0,,
Absceso Retrofaríngeo,J39.0,Osteomielitis Cervical,M86.9,Absceso Retrofaríngeo J39.0,,
Absceso Retrofaríngeo,J39.0,Enfermedad de Pott (TB Espinal),A18.0,Absceso Retrofaríngeo J39.0,,
Absceso Retrofaríngeo,J39.0,Aspiración de Cuerpo Extraño,T17.9,Absceso Retrofaríngeo J39.0,,
Traqueítis Bacteriana,J04.1,Crup (Laringotraqueobronquitis),J05.0,Traqueítis Bacteriana J04.1,,
Traqueítis Bacteriana,J04.1,Epiglotitis,J05.1,Traqueítis Bacteriana J04.1,,
Traqueítis Bacteriana,J04.1,Absceso Retrofaríngeo,J39.0,Traqueítis Bacteriana J04.1,,
Traqueítis Bacteriana,J04.1,Absceso Periamigdalino,J36,Traqueítis Bacteriana J04.1,,
Traqueítis Bacteriana,J04.1,Aspiración de Cuerpo Extraño,T17.9,Traqueítis Bacteriana J04.1,,
Traqueítis Bacteriana,J04.1,Angioedema,T78.3,Traqueítis Bacteriana J04.1,,
Traqueítis Bacteriana,J04.1,Difteria,A36.2,Traqueítis Bacteriana J04.1,,
Traqueítis Bacteriana,J04.1,Neumonía Bacteriana,J15.9,Traqueítis Bacteriana J04.1,,
Traqueítis Bacteriana,J04.1,Laringomalacia,Q31.5,Traqueítis Bacteriana J04.1,,
Traqueítis Bacteriana,J04.1,Estenosis Subglótica,J38.6,Traqueítis Bacteriana J04.1,,
Mononucleosis Infecciosa,B27.0,Faringitis y Amigdalitis (Estreptocócica),J02.0 / J03.0,Mononucleosis Infecciosa B27.0,,
Mononucleosis Infecciosa,B27.0,Infección por Citomegalovirus (CMV),B27.1 / B25.9,Mononucleosis Infecciosa B27.0,,
Mononucleosis Infecciosa,B27.0,Toxoplasmosis,B58.9,Mononucleosis Infecciosa B27.0,,
Mononucleosis Infecciosa,B27.0,Linfoma (Burkitt / No Hodgkin),C83.7 / C85.9,Mononucleosis Infecciosa B27.0,,
Mononucleosis Infecciosa,B27.0,Virus de la Inmunodeficiencia Humana (VIH),B20,Mononucleosis Infecciosa B27.0,,
Mononucleosis Infecciosa,B27.0,Infección por HHV-6 (Exantema Súbito),B08.2,Mononucleosis Infecciosa B27.0,,
Mononucleosis Infecciosa,B27.0,Difteria,A36.0,Mononucleosis Infecciosa B27.0,,
Mononucleosis Infecciosa,B27.0,Hepatitis Viral,B15 - B1,Mononucleosis Infecciosa B27.0,,
Síndrome de Lemierre,I80.8,Faringitis y Amigdalitis Aguda,J02.9 / J03.9,Síndrome de Lemierre I80.8,,
Síndrome de Lemierre,I80.8,Mononucleosis Infecciosa,B27.0,Síndrome de Lemierre I80.8,,
Síndrome de Lemierre,I80.8,Absceso Periamigdalino,J36,Síndrome de Lemierre I80.8,,
Síndrome de Lemierre,I80.8,Absceso Retrofaríngeo,J39.0,Síndrome de Lemierre I80.8,,
Síndrome de Lemierre,I80.8,Embolismo Pulmonar (Séptico),I26.9,Síndrome de Lemierre I80.8,,
Síndrome de Lemierre,I80.8,Septicemia (Bacteremia por Fusobacterium),A41.9,Síndrome de Lemierre I80.8,,
Síndrome de Lemierre,I80.8,Adenitis Cervical Supurativa,L04.0,Síndrome de Lemierre I80.8,,
Enfermedad por Reflujo Gastroesofágico (ERGE),K21.9,Enfermedad por Úlcera Péptica,K27,Enfermedad por Reflujo Gastroes,,
Enfermedad por Reflujo Gastroesofágico (ERGE),K21.9,Angina Inestable,I20.0,Enfermedad por Reflujo Gastroes,,
Enfermedad por Reflujo Gastroesofágico (ERGE),K21.9,Esofagitis Eosinofílica,K20.0,Enfermedad por Reflujo Gastroes,,
Enfermedad por Reflujo Gastroesofágico (ERGE),K21.9,Espasmo Esofágico (Nutcracker),K22.4,Enfermedad por Reflujo Gastroes,,
Enfermedad por Reflujo Gastroesofágico (ERGE),K21.9,Cáncer de Esófago,C15.9,Enfermedad por Reflujo Gastroes,,
Enfermedad por Reflujo Gastroesofágico (ERGE),K21.9,Esofagitis Infecciosa (Candida/Herpes),B37.81 / B00.1,Enfermedad por Reflujo Gastroes,,
Enfermedad por Reflujo Gastroesofágico (ERGE),K21.9,Acalasia (Condición Alternativa),K22.0,Enfermedad por Reflujo Gastroes,,
Rinitis Alérgica,J30.9,Rinitis Vasomotora (No alérgica),J30.0,Rinitis Alérgica J30.9,,
Rinitis Alérgica,J30.9,Rinitis Infecciosa (Resfriado Común),J00,Rinitis Alérgica J30.9,,
Rinitis Alérgica,J30.9,Sinusitis Aguda / Crónica,J01.9 / J32.9,Rinitis Alérgica J30.9,,
Rinitis Alérgica,J30.9,Pólipos Nasales,J33.9,Rinitis Alérgica J30.9,,
Rinitis Alérgica,J30.9,Rinitis Medicamentosa,J30.9 (Causa Química),Rinitis Alérgica J30.9,,
Rinitis Alérgica,J30.9,Desviación del Tabique Nasal,J34.2,Rinitis Alérgica J30.9,,
Rinitis Alérgica,J30.9,Cuerpo Extraño en la Nariz,T17.1,Rinitis Alérgica J30.9,,
Rinitis Alérgica,J30.9,Hipertrofia de Cornetes,J34.3,Rinitis Alérgica J30.9,,
Sinusitis (Rinosinusitis),J01.9 / J32.9,Rinitis Alérgica,J30.9,Sinusitis (Rinosinusitis) J01.9,,
Sinusitis (Rinosinusitis),J01.9 / J32.9,Resfriado Común (URI Viral),J00,Sinusitis (Rinosinusitis) J01.9,,
Sinusitis (Rinosinusitis),J01.9 / J32.9,Pólipos Nasales,J33.9,Sinusitis (Rinosinusitis) J01.9,,
Sinusitis (Rinosinusitis),J01.9 / J32.9,Infección Dental (Absceso Periapical),K04.7,Sinusitis (Rinosinusitis) J01.9,,
Sinusitis (Rinosinusitis),J01.9 / J32.9,Cuerpo Extraño Nasal,T17.1,Sinusitis (Rinosinusitis) J01.9,,
Sinusitis (Rinosinusitis),J01.9 / J32.9,Fibrosis Quística,E84.0,Sinusitis (Rinosinusitis) J01.9,,
Sinusitis (Rinosinusitis),J01.9 / J32.9,Inmunodeficiencia,D84.9,Sinusitis (Rinosinusitis) J01.9,,
Sinusitis (Rinosinusitis),J01.9 / J32.9,Discinesia Ciliar Primaria,Q67.8,Sinusitis (Rinosinusitis) J01.9,,
Enfermedad de Kawasaki,M30.3,Fiebre Escarlatina (Scarlet fever),A38,Enfermedad de Kawasaki M30.3,,
Enfermedad de Kawasaki,M30.3,Síndrome de Stevens-Johnson,L51.1,Enfermedad de Kawasaki M30.3,,
Enfermedad de Kawasaki,M30.3,Choque Séptico Bacteriano,A41.9,Enfermedad de Kawasaki M30.3,,
Enfermedad de Kawasaki,M30.3,Sarampión (Measles),B05.9,Enfermedad de Kawasaki M30.3,,
Enfermedad de Kawasaki,M30.3,MIS-C (Asociado a COVID-19),U10.9,Enfermedad de Kawasaki M30.3,,
Enfermedad de Kawasaki,M30.3,Fiebre de las Montañas Rocosas,A77.0,Enfermedad de Kawasaki M30.3,,
Enfermedad de Kawasaki,M30.3,Artritis Idiopática Juvenil Sistémica,M08.2,Enfermedad de Kawasaki M30.3,,
Enfermedad de Kawasaki,M30.3,Infección por Adenovirus,B34.0,Enfermedad de Kawasaki M30.3,,
Enfermedad de Kawasaki,M30.3,Enfermedad de Behçet,M35.2,Enfermedad de Kawasaki M30.3,,
Enfermedad de Kawasaki,M30.3,Leptospirosis,A27.9,Enfermedad de Kawasaki M30.3,,
Síndrome de Stevens-Johnson,L51.1,Necrólisis Epidérmica Tóxica (TEN),L51.2,Síndrome de Stevens-Johnson L51,,
Síndrome de Stevens-Johnson,L51.1,Eritema Multiforme,L51.9,Síndrome de Stevens-Johnson L51,,
Síndrome de Stevens-Johnson,L51.1,Síndrome de Shock Tóxico,A48.3,Síndrome de Stevens-Johnson L51,,
Síndrome de Stevens-Johnson,L51.1,Enfermedad de Kawasaki,M30.3,Síndrome de Stevens-Johnson L51,,
Síndrome de Stevens-Johnson,L51.1,Pénfigo Vulgar,L10.0,Síndrome de Stevens-Johnson L51,,
Síndrome de Stevens-Johnson,L51.1,Síndrome de la Piel Escaldada Estafilocócica,L00,Síndrome de Stevens-Johnson L51,,
Síndrome de Stevens-Johnson,L51.1,Reacción a Medicamento con Eosinofilia (DRESS),L27.1,Síndrome de Stevens-Johnson L51,,
Síndrome de Stevens-Johnson,L51.1,Exantema Fijo Medicamentoso,L27.0,Síndrome de Stevens-Johnson L51,,
Estomatitis Aftosa,K12.0,Enfermedad de Behçet,M35.2,Estomatitis Aftosa K12.0,,
Estomatitis Aftosa,K12.0,Herpes Simple Oral (Gingivoestomatitis),B00.2,Estomatitis Aftosa K12.0,,
Estomatitis Aftosa,K12.0,Herpangina (Coxsackievirus),B08.5,Estomatitis Aftosa K12.0,,
Estomatitis Aftosa,K12.0,Síndrome de Stevens-Johnson,L51.1,Estomatitis Aftosa K12.0,,
Estomatitis Aftosa,K12.0,Enfermedad de Crohn (Manifestación oral),K50.9,Estomatitis Aftosa K12.0,,
Estomatitis Aftosa,K12.0,Enfermedad Celíaca,K90.0,Estomatitis Aftosa K12.0,,
Estomatitis Aftosa,K12.0,Úlcera Traumática,K12.0 (Subtipo),Estomatitis Aftosa K12.0,,
Estomatitis Aftosa,K12.0,Neutropenia Cíclica,D70.4,Estomatitis Aftosa K12.0,,
Angioedema,T78.3 / D84.1,Anafilaxia,T78.2,Angioedema T78.3 D84.1,,
Angioedema,T78.3 / D84.1,Urticaria Aguda,L50.0,Angioedema T78.3 D84.1,,
Angioedema,T78.3 / D84.1,Celulitis Facial,L03.21,Angioedema T78.3 D84.1,,
Angioedema,T78.3 / D84.1,Erisipela,A46,Angioedema T78.3 D84.1,,
Angioedema,T78.3 / D84.1,Dermatitis de Contacto Aguda,L23.9,Angioedema T78.3 D84.1,,
Angioedema,T78.3 / D84.1,Síndrome de la Vena Cava Superior,I87.1,Angioedema T78.3 D84.1,,
Angioedema,T78.3 / D84.1,Hipotiroidismo (Mixedema),E03.9,Angioedema T78.3 D84.1,,
Angioedema,T78.3 / D84.1,Queilitis Granulomatosa,K13.0,Angioedema T78.3 D84.1,,
Otitis Media Aguda (OMA),H66.0 / H66.9,Otitis Media con Efusión (OME),H65.9,Otitis Media Aguda (OMA) H66.0,,
Otitis Media Aguda (OMA),H66.0 / H66.9,Otitis Externa Aguda,H60.3,Otitis Media Aguda (OMA) H66.0,,
Otitis Media Aguda (OMA),H66.0 / H66.9,Miringitis Bullosa,H73.0,Otitis Media Aguda (OMA) H66.0,,
Otitis Media Aguda (OMA),H66.0 / H66.9,Mastoiditis Aguda,H70.0,Otitis Media Aguda (OMA) H66.0,,
Otitis Media Aguda (OMA),H66.0 / H66.9,Disfunción de la Articulación Temporomandibular,M26.6,Otitis Media Aguda (OMA) H66.0,,
Otitis Media Aguda (OMA),H66.0 / H66.9,Barotrauma del Oído Medio,T70.0,Otitis Media Aguda (OMA) H66.0,,
Otitis Media Aguda (OMA),H66.0 / H66.9,Faringitis (como causa de dolor referido),J02.9,Otitis Media Aguda (OMA) H66.0,,
Aspiración de Cuerpo Extraño,T17.9,Crup (Laringotraqueítis),J05.0,Aspiración de Cuerpo Extraño T1,,
Aspiración de Cuerpo Extraño,T17.9,Asma Bronquial (Sibilancias recurrentes),J45.9,Aspiración de Cuerpo Extraño T1,,
Aspiración de Cuerpo Extraño,T17.9,Neumonía Bacteriana / por Aspiración,J15.9 / J69.0,Aspiración de Cuerpo Extraño T1,,
Aspiración de Cuerpo Extraño,T17.9,Bronquiolitis Aguda,J21.9,Aspiración de Cuerpo Extraño T1,,
Aspiración de Cuerpo Extraño,T17.9,Epiglotitis Aguda,J05.1,Aspiración de Cuerpo Extraño T1,,
Aspiración de Cuerpo Extraño,T17.9,Traqueítis Bacteriana,J04.1,Aspiración de Cuerpo Extraño T1,,
Ingestión de Cuerpo Extraño,T18.9,Esofagitis Eosinofílica,K20.0,Aspiración de Cuerpo Extraño T1,,
Ingestión de Cuerpo Extraño,T18.9,ERGE (Reflujo Gastroesofágico),K21.9,Aspiración de Cuerpo Extraño T1,,
Laringomalacia,,Parálisis de Cuerdas Vocales (Uni/Bilateral),J38.0,Laringomalacia Q31.5,,
Laringomalacia,,Papilomatosis Laríngea,D14.1,Laringomalacia Q31.5,,
Laringomalacia,,Hemangioma Subglótico,D18.0,Laringomalacia Q31.5,,
Laringomalacia,,Estenosis Subglótica,J38.6,Laringomalacia Q31.5,,
Laringomalacia,,Traqueomalacia o Broncomalacia,Q32.0 / Q32.2,Laringomalacia Q31.5,,
Laringomalacia,,Anillo Vascular,Q25.4,Laringomalacia Q31.5,,
Laringomalacia,,Aspiración de Cuerpo Extraño,T17.9,Laringomalacia Q31.5,,
Estenosis Subglótica,,Crup (Laringotraqueítis),J05.0,Estenosis Subglótica J38.6,,
Estenosis Subglótica,,Traqueítis Bacteriana,J04.1,Estenosis Subglótica J38.6,,
Estenosis Subglótica,,Parálisis de Cuerdas Vocales,J38.0,Estenosis Subglótica J38.6,,
Estenosis Subglótica,,Granulomatosis con Poliangeítis (Wegener),M31.3,Estenosis Subglótica J38.6,,
Estenosis Subglótica,,Hemangioma Subglótico,D18.0,Estenosis Subglótica J38.6,,
Estenosis Subglótica,,Sarcoidosis (Afectación laríngea),D86.8,Estenosis Subglótica J38.6,,
Estenosis Subglótica,,Aspiración de Cuerpo Extraño,T17.9,Estenosis Subglótica J38.6,,
Estenosis Subglótica,,Laringomalacia,Q31.5,Estenosis Subglótica J38.6,,
Estenosis Subglótica,,Tuberculosis (Traqueobronquial),A15.5,Estenosis Subglótica J38.6,,
Estenosis Subglótica,,Amiloidosis Laríngea,E85.4,Estenosis Subglótica J38.6,,
Hemangioma Subglótico,,Crup (Laringotraqueítis),J05.0,Hemangioma Subglótico D18.0,,
Hemangioma Subglótico,,Estenosis Subglótica,J38.6,Hemangioma Subglótico D18.0,,
Hemangioma Subglótico,,Laringomalacia,Q31.5,Hemangioma Subglótico D18.0,,
Hemangioma Subglótico,,Malformaciones Cardíacas (S. de PHACE),Q24.9,Hemangioma Subglótico D18.0,,
Hemangioma Subglótico,,"Hemangioma Cutáneo (Distribución en ""barba"")",D18.0,Hemangioma Subglótico D18.0,,
Hemangioma Subglótico,,Aspiración de Cuerpo Extraño,T17.9,Hemangioma Subglótico D18.0,,
Difteria Laríngea,A36.2,Crup (Laringotraqueítis Viral),J05.0,Difteria Laríngea A36.2,,
Difteria Laríngea,A36.2,Epiglotitis Aguda,J05.1,Difteria Laríngea A36.2,,
Difteria Laríngea,A36.2,Traqueítis Bacteriana,J04.1,Difteria Laríngea A36.2,,
Difteria Laríngea,A36.2,Mononucleosis Infecciosa (Faringitis Membranosa),B27.0,Difteria Laríngea A36.2,,
Difteria Laríngea,A36.2,Absceso Retrofaríngeo,J39.0,Difteria Laríngea A36.2,,
Difteria Laríngea,A36.2,Absceso Periamigdalino,J36,Difteria Laríngea A36.2,,
Difteria Laríngea,A36.2,Aspiración de Cuerpo Extraño,T17.9,Difteria Laríngea A36.2,,
Difteria Laríngea,A36.2,Angina de Vincent (Gingivitis Ulceronecrotizante),A69.1,Difteria Laríngea A36.2,,
Angina de Ludwig,K12.2,Absceso Periamigdalino,J36,Angina de Ludwig K12.2,,
Angina de Ludwig,K12.2,Absceso Retrofaríngeo,J39.0,Angina de Ludwig K12.2,,
Angina de Ludwig,K12.2,Epiglotitis Aguda,J05.1,Angina de Ludwig K12.2,,
Angina de Ludwig,K12.2,Angioedema,T78.3,Angina de Ludwig K12.2,,
Angina de Ludwig,K12.2,Celulitis Cervical / Facial,L03.2,Angina de Ludwig K12.2,,
Angina de Ludwig,K12.2,Sialolitiasis (Glándula Submandibular),K11.5,Angina de Ludwig K12.2,,
Angina de Ludwig,K12.2,Absceso Dental (Infección Odontogénica),K04.7,Angina de Ludwig K12.2,,
Angina de Ludwig,K12.2,Otitis Media,H66.9,Angina de Ludwig K12.2,,
Meningitis Bacteriana,G00.9,Endocarditis Infecciosa / Bacteremia,I33.0 / A41.9,Meningitis Bacteriana G00.9,,
Meningitis Bacteriana,G00.9,Tumor Intracraneal (Neoplasia),D33.3 / C71.9,Meningitis Bacteriana G00.9,,
Meningitis Bacteriana,G00.9,Enfermedad de Lyme,A69.2,Meningitis Bacteriana G00.9,,
Meningitis Bacteriana,G00.9,Absceso Cerebral,G06.0,Meningitis Bacteriana G00.9,,
Meningitis Bacteriana,G00.9,Lupus Eritematoso Sistémico (LES),M32.9,Meningitis Bacteriana G00.9,,
Meningitis Bacteriana,G00.9,Mononucleosis Infecciosa Aguda,B27.0,Meningitis Bacteriana G00.9,,
Meningitis Bacteriana,G00.9,Hemorragia Subaracnoidea,I60.9,Meningitis Bacteriana G00.9,,
Meningitis Bacteriana,G00.9,Púrpura de Henoch-Schönlein,D69.0,Meningitis Bacteriana G00.9,,
Meningitis Bacteriana,G00.9,Sífilis Secundaria,A51.3,Meningitis Bacteriana G00.9,,
Meningitis Bacteriana,G00.9,Fiebre de las Montañas Rocosas,A77.0,Meningitis Bacteriana G00.9,,
Osteomielitis Cervical,,Brucelosis,A23,Osteomielitis Cervical,,
Osteomielitis Cervical,,Tuberculosis (Enfermedad de Pott),A18.0,Osteomielitis Cervical,,
Osteomielitis Cervical,,Artritis Séptica,M00,Osteomielitis Cervical,,
Osteomielitis Cervical,,Celulitis,L03,Osteomielitis Cervical,,
Osteomielitis Cervical,,Meningitis,G00,Osteomielitis Cervical,,
Osteomielitis Cervical,,Endocarditis,I33,Osteomielitis Cervical,,
Osteomielitis Cervical,,Pericarditis,I30,Osteomielitis Cervical,,
Osteomielitis Cervical,,Neumonía con Empiema,J86,Osteomielitis Cervical,,
Osteomielitis Cervical,,Tromboflebitis Séptica,I80,Osteomielitis Cervical,,
Enfermedad de Pott,,Fractura Patológica por Tumor,M49.5 / C79.5,Enfermedad de Pott A18.0,,
Enfermedad de Pott,,Osteomielitis Bacteriana Piógena,M46.2,Enfermedad de Pott A18.0,,
Enfermedad de Pott,,Espondilitis Fúngica,M49.3,Enfermedad de Pott A18.0,,
Neumonía Bacteriana,J15.9,Neumonía Viral,J12.9,Neumonía Bacteriana J15.9,,
Neumonía Bacteriana,J15.9,Neumonía por Aspiración,J69.0,Neumonía Bacteriana J15.9,,
Neumonía Bacteriana,J15.9,Exacerbación de Bronquitis Crónica,J42,Neumonía Bacteriana J15.9,,
Neumonía Bacteriana,J15.9,Embolia o Infarto Pulmonar,I26.9,Neumonía Bacteriana J15.9,,
Neumonía Bacteriana,J15.9,Neoplasia Pulmonar (Cáncer de Pulmón),C34.9,Neumonía Bacteriana J15.9,,
Neumonía Bacteriana,J15.9,Bronquiolitis,J21.9,Neumonía Bacteriana J15.9,,
Neumonía Bacteriana,J15.9,Sarcoidosis,D86.0,Neumonía Bacteriana J15.9,,
Neumonía Bacteriana,J15.9,Neumonitis por Hipersensibilidad,J67.9,Neumonía Bacteriana J15.9,,
Neumonía Bacteriana,J15.9,Edema Pulmonar,J81.0,Neumonía Bacteriana J15.9,,
Neumonía Bacteriana,J15.9,Lesión Pulmonar Inducida por Drogas,J70.4,Neumonía Bacteriana J15.9,,
Neumonía Bacteriana,J15.9,Neumonía Fúngica,B48.8,Neumonía Bacteriana J15.9,,
Neumonía Bacteriana,J15.9,Tuberculosis,A15.0,Neumonía Bacteriana J15.9,,
Infección por Citomegalovirus,B25.9 / P35.1,Mononucleosis Infecciosa (EBV),B27.0,Infección por Citomegalovirus B,,
Infección por Citomegalovirus,B25.9 / P35.1,Toxoplasmosis,B58.9,Infección por Citomegalovirus B,,
Infección por Citomegalovirus,B25.9 / P35.1,Infección Aguda por VIH (Síndrome Retroviral),B20,Infección por Citomegalovirus B,,
Infección por Citomegalovirus,B25.9 / P35.1,"Hepatitis Viral (A, B o C)",B15 - B19,Infección por Citomegalovirus B,,
Infección por Citomegalovirus,B25.9 / P35.1,Rubéola Congénita,P35.0,Infección por Citomegalovirus B,,
Infección por Citomegalovirus,B25.9 / P35.1,Sífilis Congénita,A50.0,Infección por Citomegalovirus B,,
Infección por Citomegalovirus,B25.9 / P35.1,Herpes Simple (Neonatal/TORCH),P35.2,Infección por Citomegalovirus B,,
Infección por Citomegalovirus,B25.9 / P35.1,Linfoma,C85.9,Infección por Citomegalovirus B,,
Toxoplasmosis,B58.9,Mononucleosis Infecciosa,B27.0,Toxoplasmosis B58.9,,
Toxoplasmosis,B58.9,Infección por Citomegalovirus (CMV),B27.1,Toxoplasmosis B58.9,,
Toxoplasmosis,B58.9,Enfermedad por Arañazo de Gato,A28.1,Toxoplasmosis B58.9,,
Toxoplasmosis,B58.9,Sarcoidosis,D86.9,Toxoplasmosis B58.9,,
Toxoplasmosis,B58.9,Tuberculosis,A15.0,Toxoplasmosis B58.9,,
Toxoplasmosis,B58.9,Linfoma,C85.9,Toxoplasmosis B58.9,,
Toxoplasmosis (SNC),B58.9,Absceso Bacteriano,G06.0,Toxoplasmosis B58.9,,
Toxoplasmosis (Ocular),B58.9,Sífilis,A51.0,Toxoplasmosis B58.9,,
Toxoplasmosis (Ocular),B58.9,Herpes Simple,B00.9,Toxoplasmosis B58.9,,
Toxoplasmosis (Pulmonar),B58.3,Neumonía por Pneumocystis jirovecii,B59,Toxoplasmosis B58.9,,
Toxoplasmosis Congénita,P37.1,Rubéola Congénita,P35.0,Toxoplasmosis B58.9,,
Toxoplasmosis Congénita,P37.1,Listeriosis,A32.9,Toxoplasmosis B58.9,,
Linfoma No Hodgkin,C85.9,Linfoma de Hodgkin,C81,Linfoma No Hodgkin C85.9,,
Linfoma No Hodgkin,C85.9,Infecciones Virales (ej. Mononucleosis),B27.0,Linfoma No Hodgkin C85.9,,
Linfoma No Hodgkin,C85.9,Carcinoma Metastásico,C78 - C79,Linfoma No Hodgkin C85.9,,
Linfoma No Hodgkin,C85.9,Sarcoidosis,D86.9,Linfoma No Hodgkin C85.9,,
Linfoma No Hodgkin,C85.9,Condiciones Autoinmunes,M32 - M35,Linfoma No Hodgkin C85.9,,
Infección por VIH,B20,Mononucleosis Infecciosa (Fase aguda),B27.0,Infección por VIH B20,,
Infección por VIH,B20,Tuberculosis (Fase tardía),A15,Infección por VIH B20,,
Infección por VIH,B20,Linfoma No Hodgkin / Neoplasias,C85.9,Infección por VIH B20,,
Infección por VIH,B20,Diseminación de Candida / Hongos,B37,Infección por VIH B20,,
Infección por VIH,B20,Enfermedad de Alzheimer (Encefalopatía),G30,Infección por VIH B20,,
Infección por VIH,B20,Esclerosis Múltiple (Mielopatía/Neuropatía),G35,Infección por VIH B20,,
Infección por VIH,B20,Infección Aguda por Citomegalovirus (CMV),B25,Infección por VIH B20,,
Infección por VIH,B20,Toxoplasmosis Cerebral,B58.2,Infección por VIH B20,,
Infección por HHV-6 (Roseola),,Infección por Citomegalovirus (CMV),B25.9,Infección por HHV-6 (Roseola) B,,
Infección por HHV-6 (Roseola),,Mononucleosis Infecciosa (EBV),B27.0,Infección por HHV-6 (Roseola) B,,
Infección por HHV-6 (Roseola),,Infección por HHV-7,B08.2,Infección por HHV-6 (Roseola) B,,
Infección por HHV-6 (Roseola),,Sarampión,B05.9,Infección por HHV-6 (Roseola) B,,
Infección por HHV-6 (Roseola),,Rubeola,B06.9,Infección por HHV-6 (Roseola) B,,
Infección por HHV-6 (Roseola),,Eritema Infeccioso (Quinta Enfermedad),B08.3,Infección por HHV-6 (Roseola) B,,
Infección por HHV-6 (Roseola),,Escarlatina,A38,Infección por HHV-6 (Roseola) B,,
Infección por HHV-6 (Roseola),,Exantema Medicamentoso,L27.0,Infección por HHV-6 (Roseola) B,,
Hepatitis Viral,B15-B19,Hepatitis B (Aguda / Crónica),B16 / B18.1,Hepatitis Viral B15-B19,,
Hepatitis Viral,B15-B19,Hepatitis C (Aguda / Crónica),B17.1 / B18.2,Hepatitis Viral B15-B19,,
Hepatitis Viral,B15-B19,Hepatitis A,B15,Hepatitis Viral B15-B19,,
Hepatitis Viral,B15-B19,Hepatitis E,B17.2,Hepatitis Viral B15-B19,,
Hepatitis Viral,B15-B19,Hepatitis D (Delta),B17.8,Hepatitis Viral B15-B19,,
Hepatitis Viral,B15-B19,Enfermedad Hepática Alcohólica,K70,Hepatitis Viral B15-B19,,
Hepatitis Viral,B15-B19,Hepatitis Autoinmune,K75.4,Hepatitis Viral B15-B19,,
Hepatitis Viral,B15-B19,Esteatosis Hepática / Esteatohepatitis,K76.0,Hepatitis Viral B15-B19,,
Hepatitis Viral,B15-B19,Cirrosis Hepática,K74.6,Hepatitis Viral B15-B19,,
Hepatitis Viral,B15-B19,Carcinoma Hepatocelular (HCC),C22.0,Hepatitis Viral B15-B19,,
